spEmitCode,year,score__energy_co2,score__adjusted_emissions,score__total_emissions,score__non_energy_co2,score__energy_co2_pre_allocation,score__total,rank__total,n_scored_metrics,quality_weight,score__phaseE,rank__phaseE,gap_to_next,jenks_class,jenks_k,jenks_gvf
985793701,2023,0.273224043715847,0.2921348314606741,0.2131147540983606,0.4146341463414634,0.8666666666666667,0.3266664370456562,130.0,5,0.5516923076923077,0.180219360499342,122.0,0.004338708333922914,0,7,0.11859019169248773
900001432,2023,0.3387978142076502,0.3258426966292135,0.3278688524590163,0.902439024390244,0.6,0.4153903094054375,110.0,5,0.5,0.2076951547027187,111.0,0.0017640440009319969,0,7,0.11859019169248773
710029011,2023,0.1475409836065573,0.146067415730337,0.1639344262295081,0.6097560975609756,0.3333333333333333,0.2153144013583358,148.0,5,0.5,0.1076572006791679,148.0,0.001332449680690892,0,7,0.11859019169248773
370053821,2023,0.1420765027322404,0.1292134831460674,0.1420765027322404,0.4878048780487805,0.2666666666666666,0.1863848107587316,154.0,5,0.5,0.0931924053793658,154.0,0.0016195813254668012,0,7,0.11859019169248773
580111183,2023,0.1202185792349726,0.1067415730337078,0.1202185792349726,0.5365853658536586,0.2,0.1688972517526489,161.0,5,0.5,0.0844486258763244,161.0,0.0007796930408783959,0,7,0.11859019169248773
580004915,2023,0.081967213114754,0.0842696629213483,0.087431693989071,0.3170731707317073,0.7333333333333333,0.1579483118668193,165.0,5,0.5,0.0789741559334096,165.0,0.01214893096721631,0,7,0.11859019169248773
100034834,2023,0.087431693989071,0.0786516853932584,0.0928961748633879,0.2926829268292683,0.1333333333333333,0.11237315033759,168.0,5,0.5,0.056186575168795,168.0,0.001905787830519104,0,7,0.11859019169248773
985452408,2023,0.0710382513661202,0.1011235955056179,0.0710382513661202,0.3414634146341463,0.0666666666666666,0.1085615746765519,169.0,5,0.5,0.0542807873382759,169.0,0.0025525192902437002,0,7,0.11859019169248773
985052701,2023,0.0163934426229508,0.0280898876404494,0.0218579234972677,0.1951219512195122,0.4,0.0687118189206492,174.0,5,0.5,0.0343559094603246,174.0,0.00017127030340700206,0,7,0.11859019169248773
985347206,2023,0.0601092896174863,0.0617977528089887,0.0327868852459016,0.048780487804878,,0.053758122219277,178.0,4,0.5661538461538462,0.0304353676564522,177.0,0.0021827520949401005,0,7,0.11859019169248773
650003624,2023,0.0437158469945355,0.0168539325842696,0.0163934426229508,0.024390243902439,,0.0284109577142925,181.0,4,0.5658119658119658,0.0160752598349244,181.0,0.004512608629200998,0,7,0.11859019169248773
640006257,2023,0.0382513661202185,0.0393258426966292,0.0382513661202185,0.0975609756097561,,0.045669372700358,179.0,4,0.5524786324786326,0.0252313525756507,179.0,0.004480016563431201,0,7,0.11859019169248773
985336900,2023,0.0081967213114754,0.0084269662921348,0.0081967213114754,0.073170731707317,,0.016058071153561,183.0,4,0.5396923076923077,0.0086664174779526,183.0,,0,7,0.11859019169248773
985612501,2023,0.4043715846994535,0.3314606741573033,0.3387978142076502,0.6341463414634146,,0.3984147464609662,114.0,4,0.5353846153846153,0.2133051257975634,107.0,0.001587888960599193,0,7,0.11859019169248773
530000266,2023,0.0081967213114754,0.0084269662921348,0.0081967213114754,0.1219512195121951,,0.0219117296901464,182.0,4,0.5276923076923077,0.0115626512057234,182.0,0.0028962337277708,0,7,0.11859019169248773
640351830,2023,0.0218579234972677,0.0337078651685393,0.0273224043715847,0.1463414634146341,,0.0412068281301711,180.0,4,0.5035897435897436,0.0207513360122195,180.0,0.0046760761772951,0,7,0.11859019169248773
985313100,2023,0.0327868852459016,0.0224719101123595,0.0437158469945355,,0.4666666666666667,0.0682118663146476,175.0,4,0.5011538461538461,0.0341846391569176,175.0,0.0028758443227914,0,7,0.11859019169248773
985780104,2023,0.8688524590163934,0.9438202247191012,0.8688524590163934,,0.9333333333333332,0.8960914635394283,19.0,4,0.5,0.4480457317697141,22.0,0.0030282331511839455,0,7,0.11859019169248773
985724508,2023,0.6065573770491803,0.5842696629213483,0.6010928961748634,0.7804878048780488,,0.6200955722579882,71.0,4,0.5,0.3100477861289941,72.0,0.0030140112834675103,0,7,0.11859019169248773
580363860,2023,0.5683060109289617,0.5730337078651685,0.5737704918032787,,1.0,0.6067978551400913,75.0,4,0.5,0.3033989275700456,76.0,0.0009847042910220982,0,7,0.11859019169248773
500025003,2023,0.5300546448087432,0.5674157303370787,0.5191256830601093,0.951219512195122,,0.5888697404933159,80.0,4,0.5,0.2944348702466579,81.0,0.0010441570732959704,0,7,0.11859019169248773
400014025,2023,0.5737704918032787,0.5449438202247191,0.5628415300546448,0.7317073170731707,,0.5824656504439423,83.0,4,0.5,0.2912328252219711,84.0,0.011841006872701954,0,7,0.11859019169248773
985681302,2023,0.4808743169398907,0.4831460674157303,0.4699453551912568,1.0,,0.5416196966906122,88.0,4,0.5,0.2708098483453061,88.0,0.006762463553904308,0,7,0.11859019169248773
985350103,2023,0.5245901639344263,0.4887640449438202,0.4972677595628415,0.6829268292682927,,0.5280947695828037,89.0,4,0.5,0.2640473847914018,89.0,0.0018164923339482608,0,7,0.11859019169248773
985711303,2023,0.4316939890710382,0.4606741573033708,0.448087431693989,,0.8,0.4742540062626634,98.0,4,0.5,0.2371270031313317,98.0,0.0006151378399950058,0,7,0.11859019169248773
400083612,2023,0.4644808743169399,0.4662921348314606,0.4754098360655737,,0.5333333333333333,0.4730237305826734,99.0,4,0.5,0.2365118652913367,99.0,0.005573358841686388,0,7,0.11859019169248773
580002410,2023,0.4426229508196721,0.4550561797752809,0.3770491803278688,0.6585365853658537,,0.4588991369744237,101.0,4,0.5,0.2294495684872118,101.0,0.003252713215020381,0,7,0.11859019169248773
985354701,2023,0.4863387978142076,0.3820224719101123,0.3989071038251366,0.3902439024390244,,0.4281125003182248,106.0,4,0.5,0.2140562501591124,106.0,0.0007511243615490049,0,7,0.11859019169248773
985681204,2023,0.360655737704918,0.3539325842696629,0.3715846994535519,0.8536585365853658,,0.420119382958427,109.0,4,0.5,0.2100596914792135,110.0,0.0023645367764947856,0,7,0.11859019169248773
580010082,2023,0.3224043715846995,0.3202247191011236,0.3442622950819672,0.975609756097561,,0.4045502997302951,113.0,4,0.5,0.2022751498651475,114.0,0.0037961444635628006,0,7,0.11859019169248773
580002877,2023,0.3442622950819672,0.3089887640449438,0.366120218579235,0.8292682926829268,,0.3969580108031694,115.0,4,0.5,0.1984790054015847,115.0,0.002530061179477794,0,7,0.11859019169248773
580002803,2023,0.2896174863387978,0.2865168539325842,0.2950819672131147,0.8780487804878049,,0.3604539607378023,121.0,4,0.5,0.1802269803689011,121.0,7.619869559105652e-06,0,7,0.11859019169248773
985496609,2023,0.2622950819672131,0.2808988764044944,0.273224043715847,,0.6666666666666666,0.30369568776734,133.0,4,0.5,0.15184784388367,133.0,0.004769581555642416,0,7,0.11859019169248773
985454402,2023,0.2349726775956284,0.2191011235955056,0.2404371584699453,0.7560975609756098,,0.2941565246560552,134.0,4,0.5,0.1470782623280276,134.0,0.0013234216017372902,0,7,0.11859019169248773
400004029,2023,0.2076502732240437,0.1910112359550561,0.2021857923497267,0.7073170731707317,,0.2618584626074663,137.0,4,0.5,0.1309292313037331,138.0,0.003109437872790888,0,7,0.11859019169248773
580000120,2023,0.9972677595628416,0.9971910112359552,0.9972677595628416,,,0.9972433396406504,1.0,3,0.5,0.4986216698203252,5.0,0.0031281920326863832,1,7,0.11859019169248773
985642304,2023,0.9508196721311476,,0.9508196721311476,,,0.9508196721311476,11.0,2,0.6615384615384615,0.6290037831021438,1.0,0.05060949978982776,5,7,0.11859019169248773
580031215,2023,0.8743169398907104,,0.8743169398907104,,,0.8743169398907102,24.0,2,0.6615384615384615,0.578394283312316,2.0,0.021689785624211866,4,7,0.11859019169248773
986331452,2023,0.8415300546448088,,0.8415300546448088,,,0.8415300546448087,29.0,2,0.6615384615384615,0.5567044976881041,3.0,0.04337957124842373,3,7,0.11859019169248773
580042649,2023,0.7759562841530054,,0.7759562841530054,,,0.7759562841530053,42.0,2,0.6615384615384615,0.5133249264396804,4.0,0.014703256619355232,2,7,0.11859019169248773
